WKT,fid,y,x,highway,street_count,ref,osmid,altitude,
POINT (139.6351511 35.4451014),1,35.4451014,139.6351511,traffic_signals,3,,232055575,1.5,35.4451014 139.6351511
POINT (139.6370181 35.4473158),2,35.4473158,139.6370181,traffic_signals,4,,232055699,1.5,35.4473158 139.6370181
POINT (139.6373284 35.4477195),3,35.4477195,139.6373284,traffic_signals,4,,232055725,2.4,35.4477195 139.6373284
POINT (139.6383741 35.449128),4,35.449128,139.6383741,traffic_signals,4,,232055802,2.6,35.449128 139.6383741
POINT (139.6425132 35.4485471),5,35.4485471,139.6425132,traffic_signals,4,,281755133,2.9,35.4485471 139.6425132
POINT (139.6424612 35.448601),6,35.448601,139.6424612,traffic_signals,4,,281755289,2.9,35.448601 139.6424612
POINT (139.6416053 35.4474589),7,35.4474589,139.6416053,traffic_signals,4,,283626801,3.4,35.4474589 139.6416053
POINT (139.637662 35.4424274),8,35.4424274,139.637662,traffic_signals,5,,283626832,2.4,35.4424274 139.637662
POINT (139.6397238 35.4450464),9,35.4450464,139.6397238,,3,,283626859,0.8,35.4450464 139.6397238
POINT (139.638901 35.4503083),10,35.4503083,139.638901,,3,,283626872,2.6,35.4503083 139.638901
POINT (139.6350721 35.4484326),11,35.4484326,139.6350721,,4,,283626907,1.7,35.4484326 139.6350721
POINT (139.6360062 35.447893),12,35.447893,139.6360062,,4,,283626915,1.2,35.447893 139.6360062
POINT (139.638059 35.4467315),13,35.4467315,139.638059,,4,,283626923,1.4,35.4467315 139.638059
POINT (139.6347693 35.4479564),14,35.4479564,139.6347693,,4,,283626931,0.9,35.4479564 139.6347693
POINT (139.635682 35.4473125),15,35.4473125,139.635682,,4,,283626942,0.8,35.4473125 139.635682
POINT (139.63662 35.4467904),16,35.4467904,139.63662,traffic_signals,4,,283626951,1.0,35.4467904 139.63662
POINT (139.6376047 35.4462247),17,35.4462247,139.6376047,,4,,283626960,1.0,35.4462247 139.6376047
POINT (139.6365155 35.4486898),18,35.4486898,139.6365155,,4,,283626987,2.2,35.4486898 139.6365155
POINT (139.6403892 35.4457792),19,35.4457792,139.6403892,,4,,283627233,1.3,35.4457792 139.6403892
POINT (139.6435943 35.4480125),20,35.4480125,139.6435943,traffic_signals,3,,283636186,3.1,35.4480125 139.6435943
POINT (139.6447498 35.4477398),21,35.4477398,139.6447498,traffic_signals,4,,283636196,2.8,35.4477398 139.6447498
POINT (139.635826 35.4458467),22,35.4458467,139.635826,traffic_signals,4,,283654142,2.8,35.4458467 139.635826
POINT (139.6337337 35.4473453),23,35.4473453,139.6337337,traffic_signals,4,,283654199,1.1,35.4473453 139.6337337
POINT (139.6316222 35.4493328),24,35.4493328,139.6316222,,3,,283654231,2.5,35.4493328 139.6316222
POINT (139.6372833 35.4496789),25,35.4496789,139.6372833,traffic_signals,4,,286264384,2.3,35.4496789 139.6372833
POINT (139.6383407 35.4490416),26,35.4490416,139.6383407,traffic_signals,4,,286264439,2.3,35.4490416 139.6383407
POINT (139.6372259 35.449606),27,35.449606,139.6372259,traffic_signals,4,,286264441,2.3,35.449606 139.6372259
POINT (139.6322063 35.4367657),28,35.4367657,139.6322063,,3,,286268958,2.0,35.4367657 139.6322063
POINT (139.6296083 35.4491118),29,35.4491118,139.6296083,,3,,286622464,3.6,35.4491118 139.6296083
POINT (139.6300821 35.4497193),30,35.4497193,139.6300821,,3,,286622466,2.7,35.4497193 139.6300821
POINT (139.6309584 35.4501755),31,35.4501755,139.6309584,traffic_signals,4,,286622477,2.5,35.4501755 139.6309584
POINT (139.639204 35.4408677),32,35.4408677,139.639204,traffic_signals,6,,286625082,2.1,35.4408677 139.639204
POINT (139.6370376 35.4429441),33,35.4429441,139.6370376,,3,,286625086,1.4,35.4429441 139.6370376
POINT (139.6364824 35.4432341),34,35.4432341,139.6364824,,3,,286625087,2.0,35.4432341 139.6364824
POINT (139.6360052 35.4434906),35,35.4434906,139.6360052,traffic_signals,4,,286625088,1.9,35.4434906 139.6360052
POINT (139.6346132 35.444694),36,35.444694,139.6346132,traffic_signals,4,,286625093,1.5,35.444694 139.6346132
POINT (139.6350275 35.4462183),37,35.4462183,139.6350275,traffic_signals,4,,286625094,1.2,35.4462183 139.6350275
POINT (139.6428654 35.4449627),38,35.4449627,139.6428654,traffic_signals,4,,286625097,2.0,35.4449627 139.6428654
POINT (139.6444766 35.4471134),39,35.4471134,139.6444766,traffic_signals,3,,290045151,3.0,35.4471134 139.6444766
POINT (139.6437606 35.4461923),40,35.4461923,139.6437606,traffic_signals,5,,290045152,3.5,35.4461923 139.6437606
POINT (139.6400763 35.4454783),41,35.4454783,139.6400763,traffic_signals,3,,290322031,0.7,35.4454783 139.6400763
POINT (139.6401358 35.4454486),42,35.4454486,139.6401358,traffic_signals,4,,290322033,0.8,35.4454486 139.6401358
POINT (139.6412037 35.4449174),43,35.4449174,139.6412037,,3,,290322036,1.0,35.4449174 139.6412037
POINT (139.6423429 35.4443346),44,35.4443346,139.6423429,traffic_signals,3,,290322037,1.1,35.4443346 139.6423429
POINT (139.6414521 35.4452365),45,35.4452365,139.6414521,,3,,290322038,1.3,35.4452365 139.6414521
POINT (139.6417042 35.4455603),46,35.4455603,139.6417042,,3,,290322039,2.0,35.4455603 139.6417042
POINT (139.6419542 35.4458814),47,35.4458814,139.6419542,,3,,290322040,2.7,35.4458814 139.6419542
POINT (139.6421537 35.4461377),48,35.4461377,139.6421537,,3,,290322041,3.0,35.4461377 139.6421537
POINT (139.6426812 35.4468273),49,35.4468273,139.6426812,traffic_signals,4,,290322042,3.4,35.4468273 139.6426812
POINT (139.6409251 35.4464478),50,35.4464478,139.6409251,traffic_signals,4,,290322045,2.6,35.4464478 139.6409251
POINT (139.6408424 35.4464846),51,35.4464846,139.6408424,traffic_signals,4,,290322046,2.8,35.4464846 139.6408424
POINT (139.6433202 35.4455719),52,35.4455719,139.6433202,,3,,290322047,3.3,35.4455719 139.6433202
POINT (139.6454658 35.4389895),53,35.4389895,139.6454658,traffic_signals,4,,290348643,3.7,35.4389895 139.6454658
POINT (139.6455515 35.4386586),54,35.4386586,139.6455515,traffic_signals,4,,290348648,3.9,35.4386586 139.6455515
POINT (139.6301094 35.4458921),55,35.4458921,139.6301094,,3,,290382374,3.1,35.4458921 139.6301094
POINT (139.6302313 35.4459491),56,35.4459491,139.6302313,,4,,290382375,3.1,35.4459491 139.6302313
POINT (139.6313313 35.4468464),57,35.4468464,139.6313313,traffic_signals,4,,290382378,3.0,35.4468464 139.6313313
POINT (139.6287384 35.4478487),58,35.4478487,139.6287384,traffic_signals,4,,290382380,5.2,35.4478487 139.6287384
POINT (139.6314216 35.442267),59,35.442267,139.6314216,traffic_signals,4,,290384457,1.1,35.442267 139.6314216
POINT (139.6304797 35.4499247),60,35.4499247,139.6304797,traffic_signals,4,,291939802,3.2,35.4499247 139.6304797
POINT (139.6302061 35.4433397),61,35.4433397,139.6302061,traffic_signals,4,,291939841,1.4,35.4433397 139.6302061
POINT (139.6297895 35.4411926),62,35.4411926,139.6297895,traffic_signals,4,,292233335,1.1,35.4411926 139.6297895
POINT (139.6289288 35.4424345),63,35.4424345,139.6289288,,4,,292233340,1.4,35.4424345 139.6289288
POINT (139.6286428 35.4428105),64,35.4428105,139.6286428,,4,,292233343,1.9,35.4428105 139.6286428
POINT (139.6298277 35.4436673),65,35.4436673,139.6298277,,3,,292233346,1.7,35.4436673 139.6298277
POINT (139.6336591 35.4492264),66,35.4492264,139.6336591,,3,,292233350,2.1,35.4492264 139.6336591
POINT (139.6362381 35.4482943),67,35.4482943,139.6362381,,4,,292233353,2.1,35.4482943 139.6362381
POINT (139.6405095 35.4460537),68,35.4460537,139.6405095,,3,,292233362,1.7,35.4460537 139.6405095
POINT (139.6401422 35.4455734),69,35.4455734,139.6401422,,3,,292233368,0.9,35.4455734 139.6401422
POINT (139.6359325 35.444408),70,35.444408,139.6359325,traffic_signals,3,,292233369,2.0,35.444408 139.6359325
POINT (139.6367375 35.4452682),71,35.4452682,139.6367375,traffic_signals,4,,292233373,1.2,35.4452682 139.6367375
POINT (139.6371917 35.4457669),72,35.4457669,139.6371917,,4,,292233374,1.4,35.4457669 139.6371917
POINT (139.6383772 35.4471624),73,35.4471624,139.6383772,,4,,292233376,1.4,35.4471624 139.6383772
POINT (139.6394192 35.4485805),74,35.4485805,139.6394192,traffic_signals,4,,292233377,2.5,35.4485805 139.6394192
POINT (139.6402302 35.449674),75,35.449674,139.6402302,traffic_signals,3,,292233378,2.5,35.449674 139.6402302
POINT (139.6393679 35.4485144),76,35.4485144,139.6393679,traffic_signals,4,,292233385,2.5,35.4485144 139.6393679
POINT (139.6415573 35.4473987),77,35.4473987,139.6415573,traffic_signals,4,,292233403,3.4,35.4473987 139.6415573
POINT (139.6416345 35.4473544),78,35.4473544,139.6416345,traffic_signals,4,,292233404,3.4,35.4473544 139.6416345
POINT (139.6426368 35.4467583),79,35.4467583,139.6426368,traffic_signals,4,,292233405,3.4,35.4467583 139.6426368
POINT (139.6437408 35.4461134),80,35.4461134,139.6437408,traffic_signals,4,,292233406,3.5,35.4461134 139.6437408
POINT (139.6400379 35.4494167),81,35.4494167,139.6400379,,4,,292233409,3.5,35.4494167 139.6400379
POINT (139.6419362 35.4477606),82,35.4477606,139.6419362,,3,,292233410,3.0,35.4477606 139.6419362
POINT (139.6418629 35.4478035),83,35.4478035,139.6418629,,4,,292233411,3.0,35.4478035 139.6418629
POINT (139.6396606 35.4489136),84,35.4489136,139.6396606,,4,,292233412,2.7,35.4489136 139.6396606
POINT (139.6375386 35.4499881),85,35.4499881,139.6375386,,3,,292233413,2.4,35.4499881 139.6375386
POINT (139.6372227 35.4497226),86,35.4497226,139.6372227,traffic_signals,4,,292233414,2.3,35.4497226 139.6372227
POINT (139.6379083 35.4504405),87,35.4504405,139.6379083,,3,,292233415,2.4,35.4504405 139.6379083
POINT (139.6343101 35.4454876),88,35.4454876,139.6343101,traffic_signals,4,,292233423,1.8,35.4454876 139.6343101
POINT (139.6348471 35.4448707),89,35.4448707,139.6348471,traffic_signals,4,,292233433,1.6,35.4448707 139.6348471
POINT (139.6377081 35.4425527),90,35.4425527,139.6377081,traffic_signals,4,,292233483,1.6,35.4425527 139.6377081
POINT (139.6377868 35.4424715),91,35.4424715,139.6377868,traffic_signals,4,,292233488,1.6,35.4424715 139.6377868
POINT (139.638609 35.4494474),92,35.4494474,139.638609,,4,,292233493,2.5,35.4494474 139.638609
POINT (139.6389804 35.4499275),93,35.4499275,139.6389804,,4,,292233498,2.7,35.4499275 139.6389804
POINT (139.6391736 35.450178),94,35.450178,139.6391736,traffic_signals,3,,292233503,2.5,35.450178 139.6391736
POINT (139.6389813 35.4440104),95,35.4440104,139.6389813,traffic_signals,3,,292233512,0.5,35.4440104 139.6389813
POINT (139.6362946 35.4500317),96,35.4500317,139.6362946,traffic_signals,4,,292233655,2.5,35.4500317 139.6362946
POINT (139.636399 35.450141),97,35.450141,139.636399,traffic_signals,3,,292233656,2.5,35.450141 139.636399
POINT (139.6329233 35.4498029),98,35.4498029,139.6329233,traffic_signals,5,,292233673,4.3,35.4498029 139.6329233
POINT (139.63639 35.4499853),99,35.4499853,139.63639,traffic_signals,3,,292233674,4.3,35.4499853 139.63639
POINT (139.6358595 35.4497553),100,35.4497553,139.6358595,,3,,292233684,2.3,35.4497553 139.6358595
POINT (139.6338312 35.4497275),101,35.4497275,139.6338312,traffic_signals,4,,292233685,3.5,35.4497275 139.6338312
POINT (139.6330364 35.4497231),102,35.4497231,139.6330364,traffic_signals,3,,292233686,4.3,35.4497231 139.6330364
POINT (139.6337917 35.44962),103,35.44962,139.6337917,,3,,292233687,3.2,35.44962 139.6337917
POINT (139.633487 35.448858),104,35.448858,139.633487,,3,,292233689,1.9,35.448858 139.633487
POINT (139.6332822 35.4485422),105,35.4485422,139.6332822,,3,,292233692,1.9,35.4485422 139.6332822
POINT (139.6329642 35.448215),106,35.448215,139.6329642,traffic_signals,4,,292233693,2.6,35.448215 139.6329642
POINT (139.6353657 35.4467721),107,35.4467721,139.6353657,,4,,292233700,1.2,35.4467721 139.6353657
POINT (139.6362462 35.4462925),108,35.4462925,139.6362462,traffic_signals,4,,292233701,1.0,35.4462925 139.6362462
POINT (139.6382499 35.4451782),109,35.4451782,139.6382499,,4,,292233702,0.9,35.4451782 139.6382499
POINT (139.6393434 35.4445699),110,35.4445699,139.6393434,,3,,292233723,0.6,35.4445699 139.6393434
POINT (139.637826 35.4446659),111,35.4446659,139.637826,traffic_signals,3,,292233724,0.8,35.4446659 139.637826
POINT (139.6386639 35.4456488),112,35.4456488,139.6386639,,4,,292233738,0.9,35.4456488 139.6386639
POINT (139.6390996 35.4461509),113,35.4461509,139.6390996,,4,,292233742,1.1,35.4461509 139.6390996
POINT (139.6394676 35.4465945),114,35.4465945,139.6394676,,4,,292233744,2.2,35.4465945 139.6394676
POINT (139.6404587 35.4479659),115,35.4479659,139.6404587,traffic_signals,4,,292233747,3.0,35.4479659 139.6404587
POINT (139.6404997 35.4480275),116,35.4480275,139.6404997,traffic_signals,4,,292233750,3.0,35.4480275 139.6404997
POINT (139.6413195 35.4491516),117,35.4491516,139.6413195,traffic_signals,3,,292233751,2.6,35.4491516 139.6413195
POINT (139.6407474 35.4483686),118,35.4483686,139.6407474,,4,,292233752,3.1,35.4483686 139.6407474
POINT (139.6359246 35.4496037),119,35.4496037,139.6359246,,3,,292233753,2.0,35.4496037 139.6359246
POINT (139.6368549 35.4491284),120,35.4491284,139.6368549,,4,,292233754,2.1,35.4491284 139.6368549
POINT (139.6379704 35.448563),121,35.448563,139.6379704,traffic_signals,4,,292233755,2.5,35.448563 139.6379704
POINT (139.6390274 35.4480331),122,35.4480331,139.6390274,,4,,292233760,2.9,35.4480331 139.6390274
POINT (139.6401142 35.4474854),123,35.4474854,139.6401142,,4,,292233762,3.3,35.4474854 139.6401142
POINT (139.6411739 35.446914),124,35.446914,139.6411739,,4,,292233763,3.2,35.446914 139.6411739
POINT (139.6412569 35.446874),125,35.446874,139.6412569,,3,,292233773,3.2,35.446874 139.6412569
POINT (139.6376326 35.4481189),126,35.4481189,139.6376326,traffic_signals,4,,292233780,2.7,35.4481189 139.6376326
POINT (139.638683 35.4475826),127,35.4475826,139.638683,,4,,292233781,2.6,35.4475826 139.638683
POINT (139.6397765 35.4470209),128,35.4470209,139.6397765,,4,,292233782,3.1,35.4470209 139.6397765
POINT (139.632748 35.4370127),129,35.4370127,139.632748,traffic_signals,4,,292233784,1.9,35.4370127 139.632748
POINT (139.6313998 35.4388963),130,35.4388963,139.6313998,,3,,292233820,0.9,35.4388963 139.6313998
POINT (139.6307352 35.43988),131,35.43988,139.6307352,traffic_signals,4,,292233846,1.9,35.43988 139.6307352
POINT (139.630479 35.4402518),132,35.4402518,139.630479,traffic_signals,4,,292233848,1.7,35.4402518 139.630479
POINT (139.6323267 35.4414183),133,35.4414183,139.6323267,,4,,292233864,1.3,35.4414183 139.6323267
POINT (139.631814 35.4418968),134,35.4418968,139.631814,,3,,292233897,1.1,35.4418968 139.631814
POINT (139.6300957 35.4407805),135,35.4407805,139.6300957,,3,,292233899,1.1,35.4407805 139.6300957
POINT (139.6326718 35.4411213),136,35.4411213,139.6326718,traffic_signals,4,,292233903,1.7,35.4411213 139.6326718
POINT (139.6330396 35.4408168),137,35.4408168,139.6330396,traffic_signals,4,,292233933,1.6,35.4408168 139.6330396
POINT (139.636701 35.4438147),138,35.4438147,139.636701,,3,,292253812,0.8,35.4438147 139.636701
POINT (139.6362719 35.4436128),139,35.4436128,139.6362719,traffic_signals,4,,292253813,2.1,35.4436128 139.6362719
POINT (139.6325855 35.4462339),140,35.4462339,139.6325855,,3,,293559266,1.6,35.4462339 139.6325855
POINT (139.6339666 35.4454055),141,35.4454055,139.6339666,,3,,293559268,1.8,35.4454055 139.6339666
POINT (139.6305965 35.4499837),142,35.4499837,139.6305965,traffic_signals,4,,293559274,3.2,35.4499837 139.6305965
POINT (139.6374222 35.4369133),143,35.4369133,139.6374222,traffic_signals,4,,294043138,4.4,35.4369133 139.6374222
POINT (139.633856 35.4400826),144,35.4400826,139.633856,traffic_signals,4,,294043139,1.2,35.4400826 139.633856
POINT (139.6357058 35.4384219),145,35.4384219,139.6357058,traffic_signals,4,,294043140,2.2,35.4384219 139.6357058
POINT (139.6452295 35.4392632),146,35.4392632,139.6452295,,3,,294045109,4.7,35.4392632 139.6452295
POINT (139.6456036 35.4382966),147,35.4382966,139.6456036,,3,,294045110,4.2,35.4382966 139.6456036
POINT (139.6449107 35.4395906),148,35.4395906,139.6449107,traffic_signals,4,,294087232,4.0,35.4395906 139.6449107
POINT (139.641765 35.4375325),149,35.4375325,139.641765,traffic_signals,4,,294089303,4.4,35.4375325 139.641765
POINT (139.6418637 35.4378583),150,35.4378583,139.6418637,traffic_signals,4,,294089305,4.0,35.4378583 139.6418637
POINT (139.6384738 35.437464),151,35.437464,139.6384738,,3,,294089323,3.4,35.437464 139.6384738
POINT (139.6385932 35.4370312),152,35.4370312,139.6385932,,4,,294089327,3.5,35.4370312 139.6385932
POINT (139.6386633 35.4367487),153,35.4367487,139.6386633,,4,,294089329,3.2,35.4367487 139.6386633
POINT (139.6378814 35.43652),154,35.43652,139.6378814,traffic_signals,4,,294089331,6.2,35.43652 139.6378814
POINT (139.6438968 35.4435471),155,35.4435471,139.6438968,,3,,304562885,1.7,35.4435471 139.6438968
POINT (139.6440225 35.443068),156,35.443068,139.6440225,,5,,304562897,1.4,35.443068 139.6440225
POINT (139.6437296 35.4380842),157,35.4380842,139.6437296,,4,,312109102,2.7,35.4380842 139.6437296
POINT (139.6440818 35.4385211),158,35.4385211,139.6440818,,3,,312109120,2.3,35.4385211 139.6440818
POINT (139.6441127 35.4382296),159,35.4382296,139.6441127,,4,,312109121,2.6,35.4382296 139.6441127
POINT (139.6436821 35.4384192),160,35.4384192,139.6436821,,3,,312109122,2.3,35.4384192 139.6436821
POINT (139.6443516 35.437418),161,35.437418,139.6443516,,3,,312109127,11.9,35.437418 139.6443516
POINT (139.6440113 35.4364423),162,35.4364423,139.6440113,,3,,312109133,26.7,35.4364423 139.6440113
POINT (139.6446739 35.4365366),163,35.4365366,139.6446739,,1,,312109152,19.4,35.4365366 139.6446739
POINT (139.6417256 35.4382735),164,35.4382735,139.6417256,traffic_signals,4,,312109157,3.6,35.4382735 139.6417256
POINT (139.6392128 35.4376351),165,35.4376351,139.6392128,,3,,312109163,2.7,35.4376351 139.6392128
POINT (139.6389974 35.4378329),166,35.4378329,139.6389974,,4,,312109164,3.0,35.4378329 139.6389974
POINT (139.6372135 35.4394875),167,35.4394875,139.6372135,traffic_signals,4,,312109165,2.3,35.4394875 139.6372135
POINT (139.6355015 35.4410603),168,35.4410603,139.6355015,traffic_signals,4,,312109166,1.5,35.4410603 139.6355015
POINT (139.6346019 35.4418919),169,35.4418919,139.6346019,,4,,312109167,1.6,35.4418919 139.6346019
POINT (139.6342421 35.4422058),170,35.4422058,139.6342421,traffic_signals,4,,312109168,1.5,35.4422058 139.6342421
POINT (139.6293935 35.4440463),171,35.4440463,139.6293935,traffic_signals,4,,312109196,2.1,35.4440463 139.6293935
POINT (139.6456703 35.4412465),172,35.4412465,139.6456703,,4,,312167157,1.5,35.4412465 139.6456703
POINT (139.645401 35.4421877),173,35.4421877,139.645401,,4,,312167158,1.2,35.4421877 139.645401
POINT (139.6450929 35.4432644),174,35.4432644,139.6450929,,4,,312167159,1.3,35.4432644 139.6450929
POINT (139.6448094 35.444236),175,35.444236,139.6448094,,3,,312167160,1.8,35.444236 139.6448094
POINT (139.6449546 35.4437338),176,35.4437338,139.6449546,,4,,312167162,1.4,35.4437338 139.6449546
POINT (139.6412061 35.4428736),177,35.4428736,139.6412061,,3,,312167163,1.3,35.4428736 139.6412061
POINT (139.6416383 35.4434287),178,35.4434287,139.6416383,,3,,312167164,1.2,35.4434287 139.6416383
POINT (139.6421279 35.444065),179,35.444065,139.6421279,,3,,312167165,1.2,35.444065 139.6421279
POINT (139.6415231 35.4414554),180,35.4414554,139.6415231,,3,,312167167,1.1,35.4414554 139.6415231
POINT (139.6422128 35.4423187),181,35.4423187,139.6422128,,4,,312167170,1.3,35.4423187 139.6422128
POINT (139.6426457 35.4428519),182,35.4428519,139.6426457,traffic_signals,4,,312167171,1.4,35.4428519 139.6426457
POINT (139.6431606 35.4435081),183,35.4435081,139.6431606,traffic_signals,4,,312167172,1.7,35.4435081 139.6431606
POINT (139.6423334 35.4410009),184,35.4410009,139.6423334,traffic_signals,4,,312167173,2.1,35.4410009 139.6423334
POINT (139.643039 35.4418606),185,35.4418606,139.643039,,4,,312167174,1.4,35.4418606 139.643039
POINT (139.6434717 35.4423947),186,35.4423947,139.6434717,,4,,312167196,1.4,35.4423947 139.6434717
POINT (139.644539 35.4456925),187,35.4456925,139.644539,traffic_signals,4,,312167349,3.8,35.4456925 139.644539
POINT (139.6445844 35.4457484),188,35.4457484,139.6445844,traffic_signals,4,,312167350,3.8,35.4457484 139.6445844
POINT (139.644117 35.4451458),189,35.4451458,139.644117,,4,,312167351,3.8,35.4451458 139.644117
POINT (139.6452493 35.4397514),190,35.4397514,139.6452493,,3,,312167357,3.1,35.4397514 139.6452493
POINT (139.6348213 35.4391959),191,35.4391959,139.6348213,traffic_signals,4,,312167373,1.2,35.4391959 139.6348213
POINT (139.63633 35.4403033),192,35.4403033,139.63633,,4,,312167375,1.6,35.4403033 139.63633
POINT (139.6383002 35.4417413),193,35.4417413,139.6383002,,3,,312167377,1.6,35.4417413 139.6383002
POINT (139.6367893 35.4398943),194,35.4398943,139.6367893,,3,,312167378,1.9,35.4398943 139.6367893
POINT (139.6387364 35.4412935),195,35.4412935,139.6387364,,3,,312167387,1.8,35.4412935 139.6387364
POINT (139.6366674 35.4417703),196,35.4417703,139.6366674,traffic_signals,4,,312167405,1.1,35.4417703 139.6366674
POINT (139.6374157 35.4410899),197,35.4410899,139.6374157,,4,,312167406,1.4,35.4410899 139.6374157
POINT (139.6378592 35.4406803),198,35.4406803,139.6378592,,4,,312167411,1.8,35.4406803 139.6378592
POINT (139.6383264 35.4402573),199,35.4402573,139.6383264,traffic_signals,4,,312167412,2.0,35.4402573 139.6383264
POINT (139.6368681 35.4406861),200,35.4406861,139.6368681,,3,,312167413,1.3,35.4406861 139.6368681
POINT (139.6373293 35.4402793),201,35.4402793,139.6373293,,4,,312167415,1.9,35.4402793 139.6373293
POINT (139.6377601 35.4398656),202,35.4398656,139.6377601,,4,,312167416,2.0,35.4398656 139.6377601
POINT (139.6371438 35.4420907),203,35.4420907,139.6371438,,4,,312167417,1.3,35.4420907 139.6371438
POINT (139.6378564 35.4414207),204,35.4414207,139.6378564,,4,,312167418,1.6,35.4414207 139.6378564
POINT (139.6383218 35.4410025),205,35.4410025,139.6383218,,4,,312167419,1.9,35.4410025 139.6383218
POINT (139.6387732 35.4405829),206,35.4405829,139.6387732,,4,,312167420,2.0,35.4405829 139.6387732
POINT (139.6371188 35.4413675),207,35.4413675,139.6371188,,3,,312167421,1.1,35.4413675 139.6371188
POINT (139.6375652 35.4416923),208,35.4416923,139.6375652,,4,,312167422,1.5,35.4416923 139.6375652
POINT (139.638038 35.4420239),209,35.4420239,139.638038,,3,,312167423,1.7,35.4420239 139.638038
POINT (139.6287396 35.436941),210,35.436941,139.6287396,,3,,312167424,1.4,35.436941 139.6287396
POINT (139.6317609 35.4383739),211,35.4383739,139.6317609,,3,,312167425,1.0,35.4383739 139.6317609
POINT (139.6293415 35.43927),212,35.43927,139.6293415,traffic_signals,4,,312167426,1.8,35.43927 139.6293415
POINT (139.6304191 35.4377327),213,35.4377327,139.6304191,,4,,312167427,1.2,35.4377327 139.6304191
POINT (139.6313782 35.4363752),214,35.4363752,139.6313782,traffic_signals,4,,312167428,2.0,35.4363752 139.6313782
POINT (139.6301788 35.4396413),215,35.4396413,139.6301788,,3,,312167429,0.8,35.4396413 139.6301788
POINT (139.6312566 35.4381325),216,35.4381325,139.6312566,,4,,312167469,1.1,35.4381325 139.6312566
POINT (139.6302508 35.4405798),217,35.4405798,139.6302508,,4,,312167474,1.2,35.4405798 139.6302508
POINT (139.6312815 35.4409863),218,35.4409863,139.6312815,,4,,312167475,1.1,35.4409863 139.6312815
POINT (139.6315024 35.4406677),219,35.4406677,139.6315024,traffic_signals,4,,312167476,1.6,35.4406677 139.6315024
POINT (139.6317638 35.4403007),220,35.4403007,139.6317638,,4,,312167478,1.8,35.4403007 139.6317638
POINT (139.6324203 35.439379),221,35.439379,139.6324203,traffic_signals,4,,312167480,1.0,35.439379 139.6324203
POINT (139.6337614 35.4374972),222,35.4374972,139.6337614,traffic_signals,4,,312167481,1.9,35.4374972 139.6337614
POINT (139.6331961 35.4383037),223,35.4383037,139.6331961,traffic_signals,4,,312167489,1.3,35.4383037 139.6331961
POINT (139.6320721 35.4398559),224,35.4398559,139.6320721,,4,,312167490,0.9,35.4398559 139.6320721
POINT (139.6310694 35.4394047),225,35.4394047,139.6310694,,3,,312167491,0.9,35.4394047 139.6310694
POINT (139.6322512 35.44884),226,35.44884,139.6322512,traffic_signals,4,,312167504,2.8,35.44884 139.6322512
POINT (139.6318248 35.44843),227,35.44843,139.6318248,traffic_signals,4,,312167507,3.2,35.44843 139.6318248
POINT (139.6308898 35.4470666),228,35.4470666,139.6308898,traffic_signals,4,,312167512,3.1,35.4470666 139.6308898
POINT (139.6316669 35.4454923),229,35.4454923,139.6316669,,4,,312167513,1.7,35.4454923 139.6316669
POINT (139.6310136 35.4426388),230,35.4426388,139.6310136,,4,,312167515,1.2,35.4426388 139.6310136
POINT (139.6295403 35.4415699),231,35.4415699,139.6295403,,4,,312167522,1.3,35.4415699 139.6295403
POINT (139.6340468 35.4453179),232,35.4453179,139.6340468,traffic_signals,3,,313666123,1.7,35.4453179 139.6340468
POINT (139.6322048 35.447527),233,35.447527,139.6322048,traffic_signals,4,,313666134,4.2,35.447527 139.6322048
POINT (139.6317512 35.4483503),234,35.4483503,139.6317512,traffic_signals,4,,313666137,3.2,35.4483503 139.6317512
POINT (139.635557 35.4491746),235,35.4491746,139.635557,,4,,365032988,2.0,35.4491746 139.635557
POINT (139.6353235 35.4488179),236,35.4488179,139.6353235,,4,,365032999,2.2,35.4488179 139.6353235
POINT (139.6458997 35.4422627),239,35.4422627,139.6458997,,3,,608956490,1.3,35.4422627 139.6458997
POINT (139.6454301 35.4438224),240,35.4438224,139.6454301,,3,,608956501,1.6,35.4438224 139.6454301
POINT (139.6423461 35.4483073),241,35.4483073,139.6423461,,3,,924001297,3.0,35.4483073 139.6423461
POINT (139.6422735 35.4483421),242,35.4483421,139.6422735,,4,,924001312,2.8,35.4483421 139.6422735
POINT (139.6411288 35.4488948),243,35.4488948,139.6411288,,4,,924001328,2.7,35.4488948 139.6411288
POINT (139.6306141 35.4467134),244,35.4467134,139.6306141,,3,,939932933,2.3,35.4467134 139.6306141
POINT (139.6300235 35.4462729),245,35.4462729,139.6300235,,5,,939932935,3.3,35.4462729 139.6300235
POINT (139.6288137 35.4460594),246,35.4460594,139.6288137,,4,,939932938,2.4,35.4460594 139.6288137
POINT (139.6283939 35.4457876),247,35.4457876,139.6283939,,3,,939932940,2.0,35.4457876 139.6283939
POINT (139.6324596 35.4476972),248,35.4476972,139.6324596,traffic_signals,4,,940953373,4.2,35.4476972 139.6324596
POINT (139.6284876 35.4448497),249,35.4448497,139.6284876,traffic_signals,4,,941384122,3.0,35.4448497 139.6284876
POINT (139.6305411 35.4471921),250,35.4471921,139.6305411,,4,,945560239,2.8,35.4471921 139.6305411
POINT (139.6314529 35.4486983),251,35.4486983,139.6314529,,3,,945560241,2.3,35.4486983 139.6314529
POINT (139.631076 35.4491559),252,35.4491559,139.631076,,3,,945797571,2.4,35.4491559 139.631076
POINT (139.6298467 35.4474456),253,35.4474456,139.6298467,,4,,945797579,3.3,35.4474456 139.6298467
POINT (139.630792 35.4495195),254,35.4495195,139.630792,,3,,947580355,2.7,35.4495195 139.630792
POINT (139.6292185 35.4476689),255,35.4476689,139.6292185,,4,,947580374,4.5,35.4476689 139.6292185
POINT (139.6303968 35.4493069),256,35.4493069,139.6303968,,4,,947580382,2.6,35.4493069 139.6303968
POINT (139.6290451 35.4396027),257,35.4396027,139.6290451,traffic_signals,4,,982244229,1.8,35.4396027 139.6290451
POINT (139.6284948 35.4403419),258,35.4403419,139.6284948,traffic_signals,4,,982244237,1.1,35.4403419 139.6284948
POINT (139.6459351 35.4463636),261,35.4463636,139.6459351,,4,,1006397698,3.2,35.4463636 139.6459351
POINT (139.6441887 35.4467556),262,35.4467556,139.6441887,,3,,1006397711,3.2,35.4467556 139.6441887
POINT (139.6453119 35.4453926),263,35.4453926,139.6453119,traffic_signals,4,,1006397719,3.9,35.4453926 139.6453119
POINT (139.6456603 35.4460108),264,35.4460108,139.6456603,,4,,1006397735,3.5,35.4460108 139.6456603
POINT (139.6446521 35.4411152),265,35.4411152,139.6446521,,4,,1026428948,1.4,35.4411152 139.6446521
POINT (139.6445068 35.4410602),266,35.4410602,139.6445068,,3,,1026428951,1.5,35.4410602 139.6445068
POINT (139.6443221 35.442029),267,35.442029,139.6443221,,4,,1026428952,1.3,35.442029 139.6443221
POINT (139.643105 35.4406132),268,35.4406132,139.643105,,3,,1026428955,1.7,35.4406132 139.643105
POINT (139.6442171 35.4419925),269,35.4419925,139.6442171,,3,,1026428957,1.3,35.4419925 139.6442171
POINT (139.6434538 35.4438566),270,35.4438566,139.6434538,,3,,1026428959,1.8,35.4438566 139.6434538
POINT (139.6450062 35.4448202),271,35.4448202,139.6450062,,3,,1026428963,3.4,35.4448202 139.6450062
POINT (139.6437913 35.4414465),272,35.4414465,139.6437913,,4,,1026428965,1.5,35.4414465 139.6437913
POINT (139.6438738 35.4403238),273,35.4403238,139.6438738,traffic_signals,3,,1026428966,1.6,35.4403238 139.6438738
POINT (139.6437118 35.4445274),274,35.4445274,139.6437118,,3,,1026428967,1.9,35.4445274 139.6437118
POINT (139.6452775 35.4453271),275,35.4453271,139.6452775,traffic_signals,4,,1026428969,3.8,35.4453271 139.6452775
POINT (139.6436892 35.4441349),276,35.4441349,139.6436892,,3,,1026428971,2.0,35.4441349 139.6436892
POINT (139.6439059 35.4444609),277,35.4444609,139.6439059,traffic_signals,3,,1026428976,1.9,35.4444609 139.6439059
POINT (139.6424254 35.4444345),278,35.4444345,139.6424254,,3,,1026428977,1.0,35.4444345 139.6424254
POINT (139.634235 35.4476283),279,35.4476283,139.634235,,4,,1026651098,1.0,35.4476283 139.634235
POINT (139.6355665 35.4481458),280,35.4481458,139.6355665,,4,,1026651185,1.3,35.4481458 139.6355665
POINT (139.6345646 35.4456508),281,35.4456508,139.6345646,,4,,1026651193,1.3,35.4456508 139.6345646
POINT (139.6342775 35.4467394),282,35.4467394,139.6342775,,4,,1026651195,1.1,35.4467394 139.6342775
POINT (139.6347521 35.4471283),283,35.4471283,139.6347521,,4,,1026651213,1.2,35.4471283 139.6347521
POINT (139.6352519 35.4476181),284,35.4476181,139.6352519,,4,,1026651215,0.8,35.4476181 139.6352519
POINT (139.6360713 35.4489151),285,35.4489151,139.6360713,,3,,1026651216,2.0,35.4489151 139.6360713
POINT (139.6332866 35.4470942),286,35.4470942,139.6332866,,3,,1026651224,1.1,35.4470942 139.6332866
POINT (139.6338589 35.4464313),287,35.4464313,139.6338589,,3,,1026651256,1.1,35.4464313 139.6338589
POINT (139.6358006 35.4485345),288,35.4485345,139.6358006,,4,,1026651262,2.0,35.4485345 139.6358006
POINT (139.6377259 35.4502085),289,35.4502085,139.6377259,,3,,1028219778,2.4,35.4502085 139.6377259
POINT (139.6387789 35.4496671),290,35.4496671,139.6387789,,3,,1028220585,2.7,35.4496671 139.6387789
POINT (139.6392828 35.4463603),291,35.4463603,139.6392828,,4,,1028806322,1.8,35.4463603 139.6392828
POINT (139.6382267 35.4469414),292,35.4469414,139.6382267,,3,,1028806684,2.1,35.4469414 139.6382267
POINT (139.6403138 35.4458063),293,35.4458063,139.6403138,,4,,1028806768,1.2,35.4458063 139.6403138
POINT (139.6337658 35.4480774),294,35.4480774,139.6337658,,4,,1028822493,1.2,35.4480774 139.6337658
POINT (139.6333256 35.4478192),295,35.4478192,139.6333256,,3,,1028822662,1.1,35.4478192 139.6333256
POINT (139.6341134 35.4484187),296,35.4484187,139.6341134,,3,,1028822697,1.7,35.4484187 139.6341134
POINT (139.6345059 35.4477795),297,35.4477795,139.6345059,,3,,1030447576,1.1,35.4477795 139.6345059
POINT (139.6364282 35.4465236),298,35.4465236,139.6364282,,4,,1030447577,1.0,35.4465236 139.6364282
POINT (139.6355137 35.4470227),299,35.4470227,139.6355137,,4,,1030447610,1.1,35.4470227 139.6355137
POINT (139.637392 35.445988),300,35.445988,139.637392,,4,,1030447636,1.3,35.445988 139.637392
POINT (139.6350107 35.4473817),301,35.4473817,139.6350107,,4,,1030447650,1.3,35.4473817 139.6350107
POINT (139.6351568 35.4468861),302,35.4468861,139.6351568,,3,,1030452069,1.1,35.4468861 139.6351568
POINT (139.636329 35.4448359),303,35.4448359,139.636329,,4,,1030468694,1.1,35.4448359 139.636329
POINT (139.6354147 35.4453537),304,35.4453537,139.6354147,,3,,1030468696,1.3,35.4453537 139.6354147
POINT (139.634685 35.4457588),305,35.4457588,139.634685,,3,,1030468732,1.7,35.4457588 139.634685
POINT (139.6365325 35.4450461),306,35.4450461,139.6365325,,4,,1030468738,0.9,35.4450461 139.6365325
POINT (139.6384459 35.4454013),307,35.4454013,139.6384459,,4,,1030837271,1.0,35.4454013 139.6384459
POINT (139.6395276 35.4447903),308,35.4447903,139.6395276,,3,,1030837337,0.6,35.4447903 139.6395276
POINT (139.6373722 35.4445725),309,35.4445725,139.6373722,,3,,1030929454,1.1,35.4445725 139.6373722
POINT (139.6375769 35.4448046),310,35.4448046,139.6375769,,3,,1030929734,0.8,35.4448046 139.6375769
POINT (139.6341066 35.4477569),311,35.4477569,139.6341066,,3,,1034806228,1.0,35.4477569 139.6341066
POINT (139.6345494 35.4481174),312,35.4481174,139.6345494,,3,,1034806274,0.9,35.4481174 139.6345494
POINT (139.6455626 35.443342),313,35.443342,139.6455626,,3,,1034889673,1.3,35.443342 139.6455626
POINT (139.6455958 35.4433479),314,35.4433479,139.6455958,,3,,1034889733,1.3,35.4433479 139.6455958
POINT (139.6426883 35.4420551),315,35.4420551,139.6426883,,3,,1035262985,1.5,35.4420551 139.6426883
POINT (139.6431255 35.4425801),316,35.4425801,139.6431255,,3,,1035263107,1.4,35.4425801 139.6431255
POINT (139.6353254 35.4429913),317,35.4429913,139.6353254,traffic_signals,4,,1082002441,1.9,35.4429913 139.6353254
POINT (139.6328912 35.4434244),318,35.4434244,139.6328912,traffic_signals,4,,1082002442,1.4,35.4434244 139.6328912
POINT (139.6339773 35.4442135),319,35.4442135,139.6339773,traffic_signals,4,,1082002443,1.2,35.4442135 139.6339773
POINT (139.6325377 35.4437441),320,35.4437441,139.6325377,,4,,1082002445,1.4,35.4437441 139.6325377
POINT (139.633611 35.4445256),321,35.4445256,139.633611,,3,,1082002449,1.4,35.4445256 139.633611
POINT (139.6317345 35.4444764),322,35.4444764,139.6317345,,4,,1082002451,1.4,35.4444764 139.6317345
POINT (139.6357006 35.4426687),323,35.4426687,139.6357006,traffic_signals,4,,1082002453,1.9,35.4426687 139.6357006
POINT (139.630562 35.4456294),324,35.4456294,139.630562,,4,,1082002459,2.2,35.4456294 139.630562
POINT (139.6310666 35.4451238),325,35.4451238,139.6310666,,4,,1082002462,2.0,35.4451238 139.6310666
POINT (139.6322878 35.4458712),326,35.4458712,139.6322878,,4,,1082002463,1.7,35.4458712 139.6322878
POINT (139.6334592 35.4456718),327,35.4456718,139.6334592,,4,,1082010253,1.4,35.4456718 139.6334592
POINT (139.6308153 35.4463231),328,35.4463231,139.6308153,,3,,1082010261,1.9,35.4463231 139.6308153
POINT (139.6319994 35.4465138),329,35.4465138,139.6319994,,4,,1082010270,1.9,35.4465138 139.6319994
POINT (139.6288285 35.444545),330,35.444545,139.6288285,traffic_signals,4,,1082010272,2.6,35.444545 139.6288285
POINT (139.6311395 35.4459772),331,35.4459772,139.6311395,,4,,1082010283,1.8,35.4459772 139.6311395
POINT (139.6330284 35.4453701),332,35.4453701,139.6330284,,4,,1082010299,1.5,35.4453701 139.6330284
POINT (139.6282866 35.4440637),333,35.4440637,139.6282866,,4,,1082010303,2.5,35.4440637 139.6282866
POINT (139.6325005 35.4468304),334,35.4468304,139.6325005,,2,,1082010307,1.5,35.4468304 139.6325005
POINT (139.6295518 35.4450055),335,35.4450055,139.6295518,,4,,1082010310,2.6,35.4450055 139.6295518
POINT (139.6343044 35.4450366),336,35.4450366,139.6343044,,3,,1082010324,1.5,35.4450366 139.6343044
POINT (139.6323264 35.4448861),337,35.4448861,139.6323264,,3,,1082010326,1.4,35.4448861 139.6323264
POINT (139.6316266 35.4462845),338,35.4462845,139.6316266,,4,,1082010330,1.9,35.4462845 139.6316266
POINT (139.631444 35.4467875),339,35.4467875,139.631444,,3,,1082010336,2.4,35.4467875 139.631444
POINT (139.6308671 35.4438328),340,35.4438328,139.6308671,,4,,1082010340,1.6,35.4438328 139.6308671
POINT (139.6320527 35.4427632),341,35.4427632,139.6320527,traffic_signals,4,,1082014171,1.2,35.4427632 139.6320527
POINT (139.6288307 35.4456493),342,35.4456493,139.6288307,,3,,1082014191,2.9,35.4456493 139.6288307
POINT (139.6349659 35.4433199),343,35.4433199,139.6349659,,4,,1082014208,1.3,35.4433199 139.6349659
POINT (139.6292027 35.4453152),344,35.4453152,139.6292027,,4,,1082014257,2.9,35.4453152 139.6292027
POINT (139.6330189 35.4419081),345,35.4419081,139.6330189,,4,,1082014261,1.0,35.4419081 139.6330189
POINT (139.6356159 35.4437891),346,35.4437891,139.6356159,,3,,1082014264,1.6,35.4437891 139.6356159
POINT (139.6301082 35.444514),347,35.444514,139.6301082,,4,,1082014269,2.1,35.444514 139.6301082
POINT (139.6316636 35.4431102),348,35.4431102,139.6316636,,4,,1082014273,1.5,35.4431102 139.6316636
POINT (139.6338967 35.4425305),349,35.4425305,139.6338967,,4,,1082014284,1.0,35.4425305 139.6338967
POINT (139.6336332 35.4457939),350,35.4457939,139.6336332,,3,,1083487484,1.6,35.4457939 139.6336332
POINT (139.6332493 35.4451604),351,35.4451604,139.6332493,,3,,1083487504,1.5,35.4451604 139.6332493
POINT (139.6337487 35.4455061),352,35.4455061,139.6337487,,3,,1083487574,1.5,35.4455061 139.6337487
POINT (139.639223 35.440162),353,35.440162,139.639223,,4,,1096235772,2.5,35.440162 139.639223
POINT (139.6379786 35.4378304),354,35.4378304,139.6379786,,3,,1096235774,2.8,35.4378304 139.6379786
POINT (139.6412377 35.4387877),355,35.4387877,139.6412377,,3,,1096235783,2.7,35.4387877 139.6412377
POINT (139.6332769 35.4362761),356,35.4362761,139.6332769,traffic_signals,4,,1096235794,3.4,35.4362761 139.6332769
POINT (139.6401083 35.4386199),357,35.4386199,139.6401083,,4,,1096235798,2.6,35.4386199 139.6401083
POINT (139.6395051 35.439645),358,35.439645,139.6395051,,3,,1096235813,2.6,35.439645 139.6395051
POINT (139.6370577 35.4372119),359,35.4372119,139.6370577,traffic_signals,4,,1096235814,3.9,35.4372119 139.6370577
POINT (139.6345575 35.4404727),360,35.4404727,139.6345575,traffic_signals,4,,1096235818,1.6,35.4404727 139.6345575
POINT (139.6418456 35.4399273),361,35.4399273,139.6418456,,3,,1096235821,2.6,35.4399273 139.6418456
POINT (139.6351891 35.4381578),362,35.4381578,139.6351891,,4,,1096235827,1.9,35.4381578 139.6351891
POINT (139.6404657 35.4388803),363,35.4388803,139.6404657,,3,,1096235832,2.6,35.4388803 139.6404657
POINT (139.6334704 35.4379123),364,35.4379123,139.6334704,,4,,1096235835,1.5,35.4379123 139.6334704
POINT (139.6310209 35.4413757),365,35.4413757,139.6310209,,4,,1096235844,1.1,35.4413757 139.6310209
POINT (139.6381005 35.4386673),366,35.4386673,139.6381005,,4,,1096235845,2.6,35.4386673 139.6381005
POINT (139.6324682 35.4405856),367,35.4405856,139.6324682,,3,,1096235846,1.1,35.4405856 139.6324682
POINT (139.6341511 35.438235),368,35.438235,139.6341511,,4,,1096235848,1.8,35.438235 139.6341511
POINT (139.6411732 35.4408158),369,35.4408158,139.6411732,,3,,1096235851,2.2,35.4408158 139.6411732
POINT (139.640459 35.4396012),370,35.4396012,139.640459,,4,,1096235854,2.4,35.4396012 139.640459
POINT (139.6375183 35.4382559),371,35.4382559,139.6375183,,4,,1096235859,2.5,35.4382559 139.6375183
POINT (139.6360098 35.4371846),372,35.4371846,139.6360098,,3,,1096235874,2.2,35.4371846 139.6360098
POINT (139.6344776 35.4378243),373,35.4378243,139.6344776,,4,,1096235878,1.9,35.4378243 139.6344776
POINT (139.6413815 35.4395623),374,35.4395623,139.6413815,,3,,1096235881,2.6,35.4395623 139.6413815
POINT (139.6338425 35.4386084),375,35.4386084,139.6338425,,3,,1096235882,1.2,35.4386084 139.6338425
POINT (139.6343805 35.438862),376,35.438862,139.6343805,,4,,1096235885,1.3,35.438862 139.6343805
POINT (139.640019 35.4392913),377,35.4392913,139.640019,,3,,1096235890,2.5,35.4392913 139.640019
POINT (139.6307225 35.4417888),378,35.4417888,139.6307225,traffic_signals,4,,1096235894,1.0,35.4417888 139.6307225
POINT (139.6396204 35.4404402),379,35.4404402,139.6396204,,4,,1096235906,2.0,35.4404402 139.6396204
POINT (139.6390909 35.4386392),380,35.4386392,139.6390909,,4,,1096235909,3.0,35.4386392 139.6390909
POINT (139.6366051 35.4376169),381,35.4376169,139.6366051,traffic_signals,4,,1096235911,2.3,35.4376169 139.6366051
POINT (139.6406488 35.4381249),382,35.4381249,139.6406488,,3,,1096235919,2.3,35.4381249 139.6406488
POINT (139.6382153 35.4394479),383,35.4394479,139.6382153,,4,,1096235920,2.6,35.4394479 139.6382153
POINT (139.6404821 35.4403307),384,35.4403307,139.6404821,,3,,1096235921,2.2,35.4403307 139.6404821
POINT (139.6395401 35.438218),385,35.438218,139.6395401,,4,,1096235938,2.7,35.438218 139.6395401
POINT (139.6396622 35.4397553),386,35.4397553,139.6396622,,3,,1096235939,2.5,35.4397553 139.6396622
POINT (139.6405471 35.4403763),387,35.4403763,139.6405471,,3,,1096235943,2.1,35.4403763 139.6405471
POINT (139.6380068 35.4372897),388,35.4372897,139.6380068,,3,,1096235944,3.6,35.4372897 139.6380068
POINT (139.6385199 35.437361),389,35.437361,139.6385199,,4,,1096235946,3.6,35.437361 139.6385199
POINT (139.6386526 35.4390466),390,35.4390466,139.6386526,,4,,1096235948,2.9,35.4390466 139.6386526
POINT (139.634342 35.4366513),391,35.4366513,139.634342,,3,,1096235950,2.1,35.4366513 139.634342
POINT (139.6354231 35.4396504),392,35.4396504,139.6354231,,4,,1096235956,1.6,35.4396504 139.6354231
POINT (139.63332 35.4398199),393,35.4398199,139.63332,,4,,1096235957,1.1,35.4398199 139.63332
POINT (139.6400302 35.4400136),394,35.4400136,139.6400302,traffic_signals,4,,1096235961,2.3,35.4400136 139.6400302
POINT (139.6370821 35.4386628),395,35.4386628,139.6370821,,3,,1096235962,2.5,35.4386628 139.6370821
POINT (139.6400517 35.4407407),396,35.4407407,139.6400517,,3,,1096235966,2.2,35.4407407 139.6400517
POINT (139.6347646 35.4385259),397,35.4385259,139.6347646,,3,,1096235977,1.8,35.4385259 139.6347646
POINT (139.639655 35.4390348),398,35.4390348,139.639655,,4,,1096235979,2.7,35.4390348 139.639655
POINT (139.6363016 35.4388534),399,35.4388534,139.6363016,,4,,1096235981,2.3,35.4388534 139.6363016
POINT (139.6366316 35.4390829),400,35.4390829,139.6366316,,3,,1096235982,2.3,35.4390829 139.6366316
POINT (139.6357414 35.4398995),401,35.4398995,139.6357414,,3,,1096235987,1.4,35.4398995 139.6357414
POINT (139.6398667 35.4379324),402,35.4379324,139.6398667,,3,,1096235988,2.5,35.4379324 139.6398667
POINT (139.6336844 35.4412752),403,35.4412752,139.6336844,,3,,1096235990,1.0,35.4412752 139.6336844
POINT (139.6392122 35.4394394),404,35.4394394,139.6392122,,4,,1096235992,2.6,35.4394394 139.6392122
POINT (139.6396376 35.4411329),405,35.4411329,139.6396376,,3,,1096236004,2.1,35.4411329 139.6396376
POINT (139.6414295 35.4402896),406,35.4402896,139.6414295,,3,,1096236005,2.2,35.4402896 139.6414295
POINT (139.6404987 35.4382623),407,35.4382623,139.6404987,,4,,1096236006,2.5,35.4382623 139.6404987
POINT (139.6372002 35.4380311),408,35.4380311,139.6372002,,4,,1096236007,2.5,35.4380311 139.6372002
POINT (139.6387719 35.439846),409,35.439846,139.6387719,,4,,1096236009,2.4,35.439846 139.6387719
POINT (139.640871 35.4391756),410,35.4391756,139.640871,traffic_signals,4,,1096236010,2.4,35.4391756 139.640871
POINT (139.6385527 35.4382509),411,35.4382509,139.6385527,,4,,1096236012,2.8,35.4382509 139.6385527
POINT (139.6409729 35.4399609),412,35.4399609,139.6409729,,4,,1096236022,2.6,35.4399609 139.6409729
POINT (139.6399355 35.4392324),413,35.4392324,139.6399355,,3,,1096236026,2.7,35.4392324 139.6399355
POINT (139.6420659 35.4400844),414,35.4400844,139.6420659,traffic_signals,3,,1096236030,2.8,35.4400844 139.6420659
POINT (139.6376609 35.4390738),415,35.4390738,139.6376609,,4,,1096236032,2.5,35.4390738 139.6376609
POINT (139.6401719 35.4380171),416,35.4380171,139.6401719,,3,,1096236034,2.4,35.4380171 139.6401719
POINT (139.634886 35.4406772),417,35.4406772,139.634886,,3,,1096236036,1.6,35.4406772 139.634886
POINT (139.6351521 35.4422809),418,35.4422809,139.6351521,,3,,1096280526,1.3,35.4422809 139.6351521
POINT (139.6361645 35.437297),419,35.437297,139.6361645,,3,,1096280536,2.5,35.437297 139.6361645
POINT (139.6293296 35.4408859),420,35.4408859,139.6293296,traffic_signals,4,,1096280544,1.1,35.4408859 139.6293296
POINT (139.6292316 35.443223),421,35.443223,139.6292316,,4,,1096280557,1.8,35.443223 139.6292316
POINT (139.6290856 35.4412499),422,35.4412499,139.6290856,,4,,1096280559,1.3,35.4412499 139.6290856
POINT (139.6361205 35.4422785),423,35.4422785,139.6361205,,4,,1096280567,1.3,35.4422785 139.6361205
POINT (139.6347965 35.4373632),424,35.4373632,139.6347965,,4,,1096280569,2.3,35.4373632 139.6347965
POINT (139.6355855 35.4418822),425,35.4418822,139.6355855,,4,,1096280575,1.3,35.4418822 139.6355855
POINT (139.6296011 35.4428998),426,35.4428998,139.6296011,,4,,1096280577,1.5,35.4428998 139.6296011
POINT (139.6333539 35.4416029),427,35.4416029,139.6333539,,3,,1096280594,1.1,35.4416029 139.6333539
POINT (139.6286497 35.4409237),428,35.4409237,139.6286497,,4,,1096280599,1.3,35.4409237 139.6286497
POINT (139.6299217 35.4399995),429,35.4399995,139.6299217,,3,,1096280601,1.1,35.4399995 139.6299217
POINT (139.6324474 35.4374226),430,35.4374226,139.6324474,,3,,1096280603,1.4,35.4374226 139.6324474
POINT (139.6297044 35.4403263),431,35.4403263,139.6297044,,4,,1096280619,1.2,35.4403263 139.6297044
POINT (139.6321695 35.4378015),432,35.4378015,139.6321695,,3,,1096280621,1.1,35.4378015 139.6321695
POINT (139.6294615 35.4397912),433,35.4397912,139.6294615,,3,,1096280626,1.2,35.4397912 139.6294615
POINT (139.6357436 35.4371307),434,35.4371307,139.6357436,,3,,1096280631,2.1,35.4371307 139.6357436
POINT (139.6360897 35.4414185),435,35.4414185,139.6360897,,3,,1096280634,1.2,35.4414185 139.6360897
POINT (139.6297176 35.4394368),436,35.4394368,139.6297176,,3,,1096280639,0.9,35.4394368 139.6297176
POINT (139.63289 35.4402064),437,35.4402064,139.63289,,3,,1096280640,1.1,35.4402064 139.63289
POINT (139.634087 35.4370229),438,35.4370229,139.634087,,3,,1096280649,2.1,35.4370229 139.634087
POINT (139.6350218 35.4407617),439,35.4407617,139.6350218,,3,,1096280651,1.7,35.4407617 139.6350218
POINT (139.6341377 35.4415733),440,35.4415733,139.6341377,,3,,1096280655,1.0,35.4415733 139.6341377
POINT (139.636579 35.4426108),441,35.4426108,139.636579,,3,,1096280656,1.2,35.4426108 139.636579
POINT (139.635638 35.4377616),442,35.4377616,139.635638,,3,,1096280664,2.3,35.4377616 139.635638
POINT (139.6307968 35.4379125),443,35.4379125,139.6307968,,4,,1096280667,1.0,35.4379125 139.6307968
POINT (139.6288239 35.4435876),444,35.4435876,139.6288239,,4,,1096280669,2.4,35.4435876 139.6288239
POINT (139.6292376 35.4401038),445,35.4401038,139.6292376,,4,,1096280670,1.1,35.4401038 139.6292376
POINT (139.6285064 35.4421182),446,35.4421182,139.6285064,,4,,1096280673,1.7,35.4421182 139.6285064
POINT (139.6353899 35.4376441),447,35.4376441,139.6353899,,3,,1096280679,2.5,35.4376441 139.6353899
POINT (139.6303879 35.442189),448,35.442189,139.6303879,,4,,1096280682,1.3,35.442189 139.6303879
POINT (139.628885 35.4405963),449,35.4405963,139.628885,traffic_signals,4,,1096280685,1.3,35.4405963 139.628885
POINT (139.6350367 35.44149),450,35.44149,139.6350367,,4,,1096280695,1.4,35.44149 139.6350367
POINT (139.6345851 35.4411627),451,35.4411627,139.6345851,,3,,1096280699,1.5,35.4411627 139.6345851
POINT (139.6350907 35.4369137),452,35.4369137,139.6350907,,3,,1096280716,1.9,35.4369137 139.6350907
POINT (139.6288212 35.4398967),453,35.4398967,139.6288212,,3,,1096280719,1.1,35.4398967 139.6288212
POINT (139.631317 35.4371603),454,35.4371603,139.631317,,3,,1096313142,1.4,35.4371603 139.631317
POINT (139.629253 35.4371862),455,35.4371862,139.629253,,4,,1096313144,1.3,35.4371862 139.629253
POINT (139.6287063 35.436989),456,35.436989,139.6287063,,3,,1096313146,1.5,35.436989 139.6287063
POINT (139.62917 35.4380073),457,35.4380073,139.62917,,3,,1096313147,1.2,35.4380073 139.62917
POINT (139.628887 35.4383999),458,35.4383999,139.628887,,4,,1096313149,1.1,35.4383999 139.628887
POINT (139.6305369 35.4368011),459,35.4368011,139.6305369,,3,,1096313151,1.5,35.4368011 139.6305369
POINT (139.630246 35.4396701),460,35.4396701,139.630246,,3,,1096313152,0.8,35.4396701 139.630246
POINT (139.6285267 35.4389005),461,35.4389005,139.6285267,,3,,1096313158,0.7,35.4389005 139.6285267
POINT (139.6297995 35.4363997),462,35.4363997,139.6297995,,3,,1096313162,1.5,35.4363997 139.6297995
POINT (139.630947 35.4369944),463,35.4369944,139.630947,,4,,1096313167,1.4,35.4369944 139.630947
POINT (139.6312251 35.438176),464,35.438176,139.6312251,,4,,1096313168,1.1,35.438176 139.6312251
POINT (139.6296024 35.4374071),465,35.4374071,139.6296024,,4,,1096313170,1.2,35.4374071 139.6296024
POINT (139.6327782 35.438883),466,35.438883,139.6327782,,3,,1096313174,1.1,35.438883 139.6327782
POINT (139.630383 35.4377754),467,35.4377754,139.630383,,4,,1096313175,1.3,35.4377754 139.630383
POINT (139.6322771 35.4367999),468,35.4367999,139.6322771,,3,,1096313177,2.0,35.4367999 139.6322771
POINT (139.6296366 35.4388171),469,35.4388171,139.6296366,,4,,1096313178,1.1,35.4388171 139.6296366
POINT (139.6292245 35.4386215),470,35.4386215,139.6292245,,3,,1096313186,1.2,35.4386215 139.6292245
POINT (139.6301518 35.4366197),471,35.4366197,139.6301518,,3,,1096313188,1.6,35.4366197 139.6301518
POINT (139.6317685 35.4365592),472,35.4365592,139.6317685,,4,,1096313191,2.0,35.4365592 139.6317685
POINT (139.6301828 35.4365752),473,35.4365752,139.6301828,,3,,1096313192,1.6,35.4365752 139.6301828
POINT (139.6292546 35.4385716),474,35.4385716,139.6292546,,4,,1096313194,1.1,35.4385716 139.6292546
POINT (139.6312868 35.438205),475,35.438205,139.6312868,,4,,1096313195,1.0,35.438205 139.6312868
POINT (139.6299767 35.4375859),476,35.4375859,139.6299767,,4,,1096313197,1.2,35.4375859 139.6299767
POINT (139.6317455 35.4383959),477,35.4383959,139.6317455,traffic_signals,3,,1096313198,1.0,35.4383959 139.6317455
POINT (139.6307657 35.4379596),478,35.4379596,139.6307657,,4,,1096313204,1.1,35.4379596 139.6307657
POINT (139.6296332 35.4373647),479,35.4373647,139.6296332,,4,,1096313205,1.1,35.4373647 139.6296332
POINT (139.6292189 35.4372339),480,35.4372339,139.6292189,,4,,1096313206,1.4,35.4372339 139.6292189
POINT (139.630015 35.4375378),481,35.4375378,139.630015,,4,,1096313209,1.2,35.4375378 139.630015
POINT (139.6317282 35.4384206),482,35.4384206,139.6317282,,3,,1096313211,1.0,35.4384206 139.6317282
POINT (139.6300652 35.4389512),483,35.4389512,139.6300652,,3,,1096313212,1.0,35.4389512 139.6300652
POINT (139.6288531 35.4384452),484,35.4384452,139.6288531,,4,,1096313216,1.1,35.4384452 139.6288531
POINT (139.6313189 35.4381605),485,35.4381605,139.6313189,,4,,1096313218,1.0,35.4381605 139.6313189
POINT (139.6300392 35.4389875),486,35.4389875,139.6300392,,3,,1096313219,1.0,35.4389875 139.6300392
POINT (139.6296699 35.4387656),487,35.4387656,139.6296699,,4,,1096313235,1.0,35.4387656 139.6296699
POINT (139.6287945 35.4378291),488,35.4378291,139.6287945,,3,,1096313238,1.2,35.4378291 139.6287945
POINT (139.6283763 35.4484906),489,35.4484906,139.6283763,,3,,1099628856,5.9,35.4484906 139.6283763
POINT (139.6292156 35.4494507),490,35.4494507,139.6292156,,3,,1099628874,3.3,35.4494507 139.6292156
POINT (139.6312973 35.4488998),491,35.4488998,139.6312973,,3,,1099628883,2.3,35.4488998 139.6312973
POINT (139.6293979 35.4503671),492,35.4503671,139.6293979,,3,,1099628885,2.5,35.4503671 139.6293979
POINT (139.630871 35.4480623),493,35.4480623,139.630871,,4,,1099628886,2.7,35.4480623 139.630871
POINT (139.6300924 35.4479258),494,35.4479258,139.6300924,,4,,1099628903,3.9,35.4479258 139.6300924
POINT (139.6288621 35.4489968),495,35.4489968,139.6288621,,4,,1099628908,5.2,35.4489968 139.6288621
POINT (139.6316315 35.4482302),496,35.4482302,139.6316315,,3,,1099628912,2.8,35.4482302 139.6316315
POINT (139.6300271 35.448824),497,35.448824,139.6300271,,4,,1099628914,3.0,35.448824 139.6300271
POINT (139.6289819 35.4473214),498,35.4473214,139.6289819,,4,,1099628933,4.3,35.4473214 139.6289819
POINT (139.629905 35.4495395),499,35.4495395,139.629905,traffic_signals,3,,1099628936,2.7,35.4495395 139.629905
POINT (139.6304283 35.4472332),500,35.4472332,139.6304283,,3,,1099628939,2.8,35.4472332 139.6304283
POINT (139.6311602 35.4474905),501,35.4474905,139.6311602,,3,,1099628944,2.3,35.4474905 139.6311602
POINT (139.628639 35.4468327),502,35.4468327,139.628639,,4,,1099628946,3.6,35.4468327 139.628639
POINT (139.631387 35.4478503),503,35.4478503,139.631387,,3,,1099628961,2.3,35.4478503 139.631387
POINT (139.630252 35.4472999),504,35.4472999,139.630252,,4,,1099628964,2.9,35.4472999 139.630252
POINT (139.6295986 35.4499361),505,35.4499361,139.6295986,,3,,1099628965,2.4,35.4499361 139.6295986
POINT (139.6306749 35.4489528),506,35.4489528,139.6306749,,3,,1099628973,2.5,35.4489528 139.6306749
POINT (139.629493 35.4465364),507,35.4465364,139.629493,,4,,1099628978,3.0,35.4465364 139.629493
POINT (139.631092 35.4484282),508,35.4484282,139.631092,,4,,1099628980,2.4,35.4484282 139.631092
POINT (139.6290445 35.4502494),509,35.4502494,139.6290445,,3,,1099628999,3.0,35.4502494 139.6290445
POINT (139.629081 35.4483412),510,35.4483412,139.629081,,3,,1099629005,4.9,35.4483412 139.629081
POINT (139.6312949 35.4483568),511,35.4483568,139.6312949,,4,,1099629015,2.5,35.4483568 139.6312949
POINT (139.6293108 35.4486747),512,35.4486747,139.6293108,,3,,1099629018,4.7,35.4486747 139.6293108
POINT (139.6306327 35.4477074),513,35.4477074,139.6306327,,4,,1099629021,2.6,35.4477074 139.6306327
POINT (139.6293262 35.4466079),514,35.4466079,139.6293262,,5,,1099629043,3.0,35.4466079 139.6293262
POINT (139.6299208 35.4500772),515,35.4500772,139.6299208,,4,,1099629044,2.8,35.4500772 139.6299208
POINT (139.6295534 35.4481436),516,35.4481436,139.6295534,,4,,1099629064,4.9,35.4481436 139.6295534
POINT (139.6285019 35.4474979),517,35.4474979,139.6285019,,3,,1099629066,4.9,35.4474979 139.6285019
POINT (139.6297925 35.4485026),518,35.4485026,139.6297925,,4,,1099629070,4.5,35.4485026 139.6297925
POINT (139.6293668 35.4504345),519,35.4504345,139.6293668,,3,,1099629075,2.5,35.4504345 139.6293668
POINT (139.6296249 35.4470804),520,35.4470804,139.6296249,,4,,1099629082,3.3,35.4470804 139.6296249
POINT (139.6289709 35.4496626),521,35.4496626,139.6289709,,4,,1099629092,3.0,35.4496626 139.6289709
POINT (139.6283951 35.4500331),522,35.4500331,139.6283951,,3,,1099629101,3.4,35.4500331 139.6283951
POINT (139.6295356 35.4490017),523,35.4490017,139.6295356,,3,,1099629103,3.8,35.4490017 139.6295356
POINT (139.6298805 35.4469883),524,35.4469883,139.6298805,,4,,1099629112,3.1,35.4469883 139.6298805
POINT (139.6296278 35.4498676),525,35.4498676,139.6296278,,3,,1099629115,2.5,35.4498676 139.6296278
POINT (139.6291488 35.4494073),526,35.4494073,139.6291488,,3,,1099629123,3.5,35.4494073 139.6291488
POINT (139.6297253 35.4496726),527,35.4496726,139.6297253,,3,,1099629126,2.7,35.4496726 139.6297253
POINT (139.6302379 35.4502349),528,35.4502349,139.6302379,,3,,1099629130,3.0,35.4502349 139.6302379
POINT (139.6286087 35.4495495),529,35.4495495,139.6286087,,4,,1099629135,3.0,35.4495495 139.6286087
POINT (139.6287592 35.4501544),530,35.4501544,139.6287592,,3,,1099629142,3.1,35.4501544 139.6287592
POINT (139.6302791 35.4482954),531,35.4482954,139.6302791,,4,,1099629144,3.8,35.4482954 139.6302791
POINT (139.6307875 35.4476439),532,35.4476439,139.6307875,,4,,1099629150,2.6,35.4476439 139.6307875
POINT (139.6286736 35.4461502),533,35.4461502,139.6286736,,4,,1099629158,2.7,35.4461502 139.6286736
POINT (139.6300496 35.446929),534,35.446929,139.6300496,,4,,1099629167,2.9,35.446929 139.6300496
POINT (139.6304682 35.4486577),535,35.4486577,139.6304682,,4,,1099629168,2.7,35.4486577 139.6304682
POINT (139.6282951 35.4463275),536,35.4463275,139.6282951,,4,,1099629173,3.2,35.4463275 139.6282951
POINT (139.6292865 35.4497611),537,35.4497611,139.6292865,,3,,1099629193,2.9,35.4497611 139.6292865
POINT (139.6310432 35.447994),538,35.447994,139.6310432,,4,,1099629196,2.6,35.447994 139.6310432
POINT (139.6301659 35.4497664),539,35.4497664,139.6301659,,3,,1099629198,2.8,35.4497664 139.6301659
POINT (139.6303262 35.4468224),540,35.4468224,139.6303262,,4,,1099629200,2.5,35.4468224 139.6303262
POINT (139.6285183 35.4475221),541,35.4475221,139.6285183,,3,,1101713827,4.9,35.4475221 139.6285183
POINT (139.6287424 35.449258),542,35.449258,139.6287424,,3,,1101714098,3.5,35.449258 139.6287424
POINT (139.6292675 35.4486191),543,35.4486191,139.6292675,traffic_signals,3,,1101714178,4.7,35.4486191 139.6292675
POINT (139.6351399 35.444179),544,35.444179,139.6351399,,3,,1101915146,1.4,35.444179 139.6351399
POINT (139.6339683 35.4433458),545,35.4433458,139.6339683,,3,,1101915165,1.4,35.4433458 139.6339683
POINT (139.6319264 35.4417919),546,35.4417919,139.6319264,,3,,1101915167,1.0,35.4417919 139.6319264
POINT (139.6341404 35.4431899),547,35.4431899,139.6341404,,4,,1101915176,1.3,35.4431899 139.6341404
POINT (139.6334504 35.4438291),548,35.4438291,139.6334504,traffic_signals,4,,1101915186,1.3,35.4438291 139.6334504
POINT (139.6346757 35.4435791),549,35.4435791,139.6346757,,4,,1101915207,1.1,35.4435791 139.6346757
POINT (139.6344328 35.4429263),550,35.4429263,139.6344328,,4,,1101915215,1.2,35.4429263 139.6344328
POINT (139.633608 35.4427859),551,35.4427859,139.633608,,3,,1101915226,1.0,35.4427859 139.633608
POINT (139.6330789 35.4441381),552,35.4441381,139.6330789,,3,,1101915246,1.3,35.4441381 139.6330789
POINT (139.6353073 35.4440418),553,35.4440418,139.6353073,,3,,1101915269,1.4,35.4440418 139.6353073
POINT (139.6347773 35.4425939),554,35.4425939,139.6347773,,3,,1101915350,1.3,35.4425939 139.6347773
POINT (139.634508 35.443729),555,35.443729,139.634508,,4,,1101915376,1.1,35.443729 139.634508
POINT (139.6326002 35.4422774),556,35.4422774,139.6326002,,3,,1101915378,1.1,35.4422774 139.6326002
POINT (139.6453431 35.4385792),557,35.4385792,139.6453431,,4,,1103052650,3.4,35.4385792 139.6453431
POINT (139.6451997 35.4382913),558,35.4382913,139.6451997,,1,,1103052675,3.6,35.4382913 139.6451997
POINT (139.6446471 35.4377653),559,35.4377653,139.6446471,,3,,1103052694,3.4,35.4377653 139.6446471
POINT (139.6455726 35.4380935),560,35.4380935,139.6455726,,3,,1103052740,4.3,35.4380935 139.6455726
POINT (139.645143 35.4379698),561,35.4379698,139.645143,,4,,1103052785,3.5,35.4379698 139.645143
POINT (139.6449857 35.4381993),562,35.4381993,139.6449857,,3,,1103052831,3.5,35.4381993 139.6449857
POINT (139.6446534 35.438044),563,35.438044,139.6446534,,1,,1103052896,3.4,35.438044 139.6446534
POINT (139.6451689 35.4388783),564,35.4388783,139.6451689,,3,,1103052922,2.9,35.4388783 139.6451689
POINT (139.6454494 35.4383899),565,35.4383899,139.6454494,,1,,1103052961,3.8,35.4383899 139.6454494
POINT (139.6455166 35.4376876),566,35.4376876,139.6455166,,3,,1103052981,4.7,35.4376876 139.6455166
POINT (139.6453378 35.4376448),567,35.4376448,139.6453378,,3,,1103053022,3.9,35.4376448 139.6453378
POINT (139.6447877 35.4371263),568,35.4371263,139.6447877,,3,,1103111640,13.9,35.4371263 139.6447877
POINT (139.6427361 35.4377292),569,35.4377292,139.6427361,,3,,1103111738,2.8,35.4377292 139.6427361
POINT (139.6445209 35.4370776),570,35.4370776,139.6445209,,3,,1103111841,13.2,35.4370776 139.6445209
POINT (139.6438295 35.436363),571,35.436363,139.6438295,,1,,1103111936,30.9,35.436363 139.6438295
POINT (139.645043 35.4370477),572,35.4370477,139.645043,,1,,1103112159,15.1,35.4370477 139.645043
POINT (139.6368182 35.4360933),573,35.4360933,139.6368182,,3,,1106060272,6.2,35.4360933 139.6368182
POINT (139.6381006 35.4361375),574,35.4361375,139.6381006,,3,,1106060298,8.9,35.4361375 139.6381006
POINT (139.6362469 35.4364874),575,35.4364874,139.6362469,traffic_signals,4,,1106060348,3.6,35.4364874 139.6362469
POINT (139.6367928 35.4364776),576,35.4364776,139.6367928,,3,,1106060412,3.6,35.4364776 139.6367928
POINT (139.6373385 35.4361404),577,35.4361404,139.6373385,,4,,1106060435,7.3,35.4361404 139.6373385
POINT (139.6380553 35.4362899),578,35.4362899,139.6380553,,3,,1106060445,8.0,35.4362899 139.6380553
POINT (139.6373596 35.4364871),579,35.4364871,139.6373596,,3,,1106060507,4.3,35.4364871 139.6373596
POINT (139.6379098 35.4361352),580,35.4361352,139.6379098,,3,,1106060571,9.4,35.4361352 139.6379098
POINT (139.6381947 35.4366183),581,35.4366183,139.6381947,,3,,1108994079,4.2,35.4366183 139.6381947
POINT (139.6392015 35.436888),582,35.436888,139.6392015,,3,,1108994142,2.7,35.436888 139.6392015
POINT (139.6371028 35.4364734),583,35.4364734,139.6371028,,3,,1108994168,3.9,35.4364734 139.6371028
POINT (139.6356821 35.4360713),584,35.4360713,139.6356821,,3,,1108994263,4.6,35.4360713 139.6356821
POINT (139.6352573 35.4361348),585,35.4361348,139.6352573,,4,,1108994323,4.4,35.4361348 139.6352573
POINT (139.6408911 35.4370809),586,35.4370809,139.6408911,,1,,1108994424,4.6,35.4370809 139.6408911
POINT (139.6376606 35.4367088),587,35.4367088,139.6376606,,3,,1108994514,4.9,35.4367088 139.6376606
POINT (139.6429711 35.4375555),588,35.4375555,139.6429711,,1,,1108994535,3.6,35.4375555 139.6429711
POINT (139.6387853 35.4363813),589,35.4363813,139.6387853,,3,,1108994604,4.3,35.4363813 139.6387853
POINT (139.6349947 35.4365592),590,35.4365592,139.6349947,,3,,1108994643,1.8,35.4365592 139.6349947
POINT (139.636226 35.4368538),591,35.4368538,139.636226,,3,,1108994650,2.6,35.4368538 139.636226
POINT (139.6370786 35.4368863),592,35.4368863,139.6370786,,3,,1108994673,3.6,35.4368863 139.6370786
POINT (139.6397309 35.4374778),593,35.4374778,139.6397309,,3,,1108994688,2.4,35.4374778 139.6397309
POINT (139.6343038 35.4362977),594,35.4362977,139.6343038,,3,,1108994711,2.4,35.4362977 139.6343038
POINT (139.6399849 35.4372028),595,35.4372028,139.6399849,,3,,1108994722,2.6,35.4372028 139.6399849
POINT (139.6387089 35.4366115),596,35.4366115,139.6387089,,4,,1108994724,3.9,35.4366115 139.6387089
POINT (139.6425992 35.4380523),597,35.4380523,139.6425992,,3,,1108994759,2.4,35.4380523 139.6425992
POINT (139.6370913 35.4366685),598,35.4366685,139.6370913,,4,,1108994777,3.8,35.4366685 139.6370913
POINT (139.6428935 35.4377826),599,35.4377826,139.6428935,,3,,1108994784,2.7,35.4377826 139.6428935
POINT (139.6408632 35.437303),600,35.437303,139.6408632,,4,,1108994795,3.3,35.437303 139.6408632
POINT (139.6429697 35.4381789),601,35.4381789,139.6429697,,3,,1108994829,2.3,35.4381789 139.6429697
POINT (139.6422772 35.4379535),602,35.4379535,139.6422772,,3,,1108994857,2.7,35.4379535 139.6422772
POINT (139.6399731 35.4376079),603,35.4376079,139.6399731,,2,,1108994898,2.3,35.4376079 139.6399731
POINT (139.6346771 35.436439),604,35.436439,139.6346771,,3,,1108994903,2.3,35.436439 139.6346771
POINT (139.635536 35.4362642),605,35.4362642,139.635536,,3,,1108994954,4.0,35.4362642 139.635536
POINT (139.6392594 35.4367502),606,35.4367502,139.6392594,,3,,1108994982,3.2,35.4367502 139.6392594
POINT (139.6381873 35.4363586),607,35.4363586,139.6381873,,3,,1108995039,7.2,35.4363586 139.6381873
POINT (139.6383004 35.4361485),608,35.4361485,139.6383004,,3,,1108995076,8.1,35.4361485 139.6383004
POINT (139.6362384 35.4366354),609,35.4366354,139.6362384,,3,,1108995081,3.2,35.4366354 139.6362384
POINT (139.6381614 35.4369954),610,35.4369954,139.6381614,,3,,1108995105,2.5,35.4369954 139.6381614
POINT (139.6431267 35.4378668),611,35.4378668,139.6431267,,3,,1108995171,2.6,35.4378668 139.6431267
POINT (139.6424216 35.4376398),612,35.4376398,139.6424216,,3,,1108995188,2.5,35.4376398 139.6424216
POINT (139.6457479 35.439163),613,35.439163,139.6457479,,3,,1112999639,3.4,35.439163 139.6457479
POINT (139.6455414 35.4394168),614,35.4394168,139.6455414,,3,,1112999671,3.1,35.4394168 139.6455414
POINT (139.631062 35.4502329),615,35.4502329,139.631062,traffic_signals,4,,1271556158,2.4,35.4502329 139.631062
POINT (139.6343256 35.4467733),616,35.4467733,139.6343256,,4,,1271556160,1.1,35.4467733 139.6343256
POINT (139.6317108 35.4494332),617,35.4494332,139.6317108,,3,,1271556166,2.5,35.4494332 139.6317108
POINT (139.6330258 35.4482747),618,35.4482747,139.6330258,traffic_signals,4,,1271556182,2.7,35.4482747 139.6330258
POINT (139.6318201 35.4493338),619,35.4493338,139.6318201,,3,,1271556187,2.5,35.4493338 139.6318201
POINT (139.6333844 35.4478537),620,35.4478537,139.6333844,,4,,1271556188,1.0,35.4478537 139.6333844
POINT (139.6350535 35.4462722),621,35.4462722,139.6350535,traffic_signals,4,,1271556207,1.2,35.4462722 139.6350535
POINT (139.6338036 35.4473806),622,35.4473806,139.6338036,traffic_signals,4,,1271556212,1.1,35.4473806 139.6338036
POINT (139.6338315 35.4498096),623,35.4498096,139.6338315,,3,,1271608929,3.6,35.4498096 139.6338315
POINT (139.6327891 35.449858),624,35.449858,139.6327891,traffic_signals,3,,1271608954,4.2,35.449858 139.6327891
POINT (139.6428202 35.438668),625,35.438668,139.6428202,,3,,1271719735,2.7,35.438668 139.6428202
POINT (139.6420385 35.4400648),626,35.4400648,139.6420385,traffic_signals,3,,1271719747,2.8,35.4400648 139.6420385
POINT (139.6346392 35.4497477),627,35.4497477,139.6346392,,3,,1710660968,2.3,35.4497477 139.6346392
POINT (139.6400614 35.4414223),628,35.4414223,139.6400614,,3,,1748647890,2.6,35.4414223 139.6400614
POINT (139.6407952 35.4377879),629,35.4377879,139.6407952,,3,,1748655883,2.3,35.4377879 139.6407952
POINT (139.6311088 35.4493563),630,35.4493563,139.6311088,,3,,1794163204,2.6,35.4493563 139.6311088
POINT (139.6450315 35.4463307),631,35.4463307,139.6450315,,4,,1830512664,3.4,35.4463307 139.6450315
POINT (139.6452998 35.446685),632,35.446685,139.6452998,,3,,1830512721,3.2,35.446685 139.6452998
POINT (139.6346692 35.4446304),633,35.4446304,139.6346692,traffic_signals,4,,1906492049,1.6,35.4446304 139.6346692
POINT (139.6354887 35.4453073),634,35.4453073,139.6354887,,3,,1906492050,1.2,35.4453073 139.6354887
POINT (139.6314917 35.4421976),635,35.4421976,139.6314917,traffic_signals,4,,1906492052,1.2,35.4421976 139.6314917
POINT (139.6293751 35.4408164),636,35.4408164,139.6293751,traffic_signals,4,,1906492054,1.1,35.4408164 139.6293751
POINT (139.6340397 35.4441565),637,35.4441565,139.6340397,traffic_signals,4,,1906492056,1.2,35.4441565 139.6340397
POINT (139.6335071 35.4437761),638,35.4437761,139.6335071,traffic_signals,4,,1906492058,1.2,35.4437761 139.6335071
POINT (139.6356883 35.4455146),639,35.4455146,139.6356883,,3,,1906492060,1.0,35.4455146 139.6356883
POINT (139.634903 35.4448064),640,35.4448064,139.634903,traffic_signals,4,,1906492065,1.6,35.4448064 139.634903
POINT (139.6289294 35.4405342),641,35.4405342,139.6289294,traffic_signals,4,,1906492066,1.2,35.4405342 139.6289294
POINT (139.6352138 35.4450583),642,35.4450583,139.6352138,traffic_signals,3,,1906492068,1.4,35.4450583 139.6352138
POINT (139.6329485 35.4433734),643,35.4433734,139.6329485,traffic_signals,4,,1906492070,1.3,35.4433734 139.6329485
POINT (139.6321082 35.4427139),644,35.4427139,139.6321082,traffic_signals,4,,1906492073,1.2,35.4427139 139.6321082
POINT (139.635873 35.4457381),645,35.4457381,139.635873,traffic_signals,4,,1906492074,1.1,35.4457381 139.635873
POINT (139.6285406 35.440265),646,35.440265,139.6285406,traffic_signals,4,,1906492075,1.1,35.440265 139.6285406
POINT (139.6357839 35.4457953),647,35.4457953,139.6357839,traffic_signals,4,,1906492076,1.3,35.4457953 139.6357839
POINT (139.6359145 35.4457963),648,35.4457963,139.6359145,traffic_signals,4,,1906492077,1.3,35.4457963 139.6359145
POINT (139.6359477 35.4459258),649,35.4459258,139.6359477,,3,,1906492078,1.0,35.4459258 139.6359477
POINT (139.6307733 35.4417185),650,35.4417185,139.6307733,traffic_signals,4,,1906492080,1.0,35.4417185 139.6307733
POINT (139.6298389 35.4411261),651,35.4411261,139.6298389,traffic_signals,4,,1906492081,1.1,35.4411261 139.6298389
POINT (139.6367893 35.4453217),652,35.4453217,139.6367893,traffic_signals,4,,1906506700,1.2,35.4453217 139.6367893
POINT (139.6389566 35.4441017),653,35.4441017,139.6389566,,4,,1906506701,0.9,35.4441017 139.6389566
POINT (139.637865 35.4447201),654,35.4447201,139.637865,traffic_signals,4,,1906506702,0.9,35.4447201 139.637865
POINT (139.6416844 35.4474178),655,35.4474178,139.6416844,traffic_signals,4,,2299598003,3.4,35.4474178 139.6416844
POINT (139.6347544 35.4464521),656,35.4464521,139.6347544,,3,,2309168036,1.2,35.4464521 139.6347544
POINT (139.637096 35.4483899),657,35.4483899,139.637096,,3,,2319194880,2.5,35.4483899 139.637096
POINT (139.6374322 35.4488343),658,35.4488343,139.6374322,,4,,2319194890,2.4,35.4488343 139.6374322
POINT (139.6377905 35.4493185),659,35.4493185,139.6377905,,3,,2319194898,2.4,35.4493185 139.6377905
POINT (139.6368512 35.4423602),660,35.4423602,139.6368512,,3,,2319205984,1.2,35.4423602 139.6368512
POINT (139.6373533 35.4427207),661,35.4427207,139.6373533,,3,,2319205985,1.9,35.4427207 139.6373533
POINT (139.6392586 35.4410858),664,35.4410858,139.6392586,,3,,2323169022,1.9,35.4410858 139.6392586
POINT (139.6393872 35.4411066),665,35.4411066,139.6393872,,4,,2323169026,2.0,35.4411066 139.6393872
POINT (139.6395338 35.4411598),666,35.4411598,139.6395338,,3,,2323169028,2.1,35.4411598 139.6395338
POINT (139.6422767 35.4402497),672,35.4402497,139.6422767,,3,,2323176729,3.3,35.4402497 139.6422767
POINT (139.6420494 35.4402618),673,35.4402618,139.6420494,,3,,2323176731,2.8,35.4402618 139.6420494
POINT (139.6422945 35.4402726),674,35.4402726,139.6422945,,3,,2323176733,3.4,35.4402726 139.6422945
POINT (139.6421246 35.4407122),675,35.4407122,139.6421246,,3,,2323176747,3.7,35.4407122 139.6421246
POINT (139.6442608 35.4391811),676,35.4391811,139.6442608,,3,,2324584143,3.3,35.4391811 139.6442608
POINT (139.6426212 35.4399323),678,35.4399323,139.6426212,,1,,2324589934,2.7,35.4399323 139.6426212
POINT (139.642109 35.4405991),679,35.4405991,139.642109,,3,,2324589945,3.8,35.4405991 139.642109
POINT (139.6419722 35.4406139),680,35.4406139,139.6419722,,3,,2324589953,3.3,35.4406139 139.6419722
POINT (139.637155 35.4496385),681,35.4496385,139.637155,traffic_signals,3,,2664806163,2.3,35.4496385 139.637155
POINT (139.6354611 35.4401543),682,35.4401543,139.6354611,,3,,3122628961,1.5,35.4401543 139.6354611
POINT (139.6342223 35.4402863),683,35.4402863,139.6342223,,3,,3122628963,1.3,35.4402863 139.6342223
POINT (139.6360329 35.4405747),684,35.4405747,139.6360329,,3,,3122628967,1.4,35.4405747 139.6360329
POINT (139.6333757 35.4410557),685,35.4410557,139.6333757,,3,,3122628969,1.0,35.4410557 139.6333757
POINT (139.635232 35.4413095),686,35.4413095,139.635232,,3,,3122628970,1.4,35.4413095 139.635232
POINT (139.6358149 35.4416713),687,35.4416713,139.6358149,,3,,3122628972,1.3,35.4416713 139.6358149
POINT (139.6357811 35.4417023),688,35.4417023,139.6357811,,3,,3122628973,1.3,35.4417023 139.6357811
POINT (139.6364176 35.4420024),689,35.4420024,139.6364176,,3,,3122628974,1.2,35.4420024 139.6364176
POINT (139.6363572 35.4420585),690,35.4420585,139.6363572,,3,,3122628975,1.3,35.4420585 139.6363572
POINT (139.6368757 35.4423376),691,35.4423376,139.6368757,,3,,3122628979,1.3,35.4423376 139.6368757
POINT (139.6320082 35.4474081),692,35.4474081,139.6320082,,3,,3122629011,3.1,35.4474081 139.6320082
POINT (139.6382356 35.4430581),693,35.4430581,139.6382356,traffic_signals,3,,3125512137,1.4,35.4430581 139.6382356
POINT (139.6381336 35.4430769),694,35.4430769,139.6381336,,3,,3125512159,1.4,35.4430769 139.6381336
POINT (139.645034 35.4363089),695,35.4363089,139.645034,,1,,3128720359,31.8,35.4363089 139.645034
POINT (139.6367379 35.4498258),696,35.4498258,139.6367379,,3,,3245395505,2.3,35.4498258 139.6367379
POINT (139.6326257 35.4478465),697,35.4478465,139.6326257,,3,,3245395533,2.8,35.4478465 139.6326257
POINT (139.6363932 35.449369),698,35.449369,139.6363932,,3,,3245395542,1.9,35.449369 139.6363932
POINT (139.6406171 35.4419355),699,35.4419355,139.6406171,crossing,3,,3395023006,1.6,35.4419355 139.6406171
POINT (139.6332699 35.4451413),700,35.4451413,139.6332699,,1,,3522822037,1.5,35.4451413 139.6332699
POINT (139.6323263 35.4489093),701,35.4489093,139.6323263,traffic_signals,4,,3677672825,2.9,35.4489093 139.6323263
POINT (139.6289607 35.4366196),702,35.4366196,139.6289607,,3,,3858108910,1.5,35.4366196 139.6289607
POINT (139.6294764 35.4368646),703,35.4368646,139.6294764,,3,,3858108913,1.5,35.4368646 139.6294764
POINT (139.6298558 35.4492734),704,35.4492734,139.6298558,,1,,4262152046,3.1,35.4492734 139.6298558
POINT (139.6302135 35.4491016),705,35.4491016,139.6302135,,3,,4262152047,2.7,35.4491016 139.6302135
POINT (139.6371857 35.4443588),706,35.4443588,139.6371857,,3,,4950865238,1.1,35.4443588 139.6371857
POINT (139.6389112 35.4440478),707,35.4440478,139.6389112,traffic_signals,4,,6253620019,0.9,35.4440478 139.6389112
POINT (139.6390243 35.444061),708,35.444061,139.6390243,crossing,3,,6253620020,0.8,35.444061 139.6390243
POINT (139.6380923 35.4429018),711,35.4429018,139.6380923,traffic_signals,3,,7106299262,1.9,35.4429018 139.6380923
POINT (139.6404762 35.442049),713,35.442049,139.6404762,traffic_signals,5,,7106299278,1.6,35.442049 139.6404762
POINT (139.6432309 35.4455708),714,35.4455708,139.6432309,,3,,7106438538,3.3,35.4455708 139.6432309
POINT (139.6427875 35.444994),715,35.444994,139.6427875,traffic_signals,4,,7106438539,2.0,35.444994 139.6427875
POINT (139.6422759 35.4443708),716,35.4443708,139.6422759,traffic_signals,4,,7106438540,1.0,35.4443708 139.6422759
POINT (139.6436821 35.4461415),717,35.4461415,139.6436821,traffic_signals,4,,7106440867,3.5,35.4461415 139.6436821
POINT (139.6382079 35.4419933),718,35.4419933,139.6382079,,3,,7106473254,1.6,35.4419933 139.6382079
POINT (139.640547 35.4420102),719,35.4420102,139.640547,traffic_signals,4,,7106473265,1.6,35.4420102 139.640547
POINT (139.640523 35.4419484),720,35.4419484,139.640523,traffic_signals,4,,7106473267,1.7,35.4419484 139.640523
POINT (139.6404495 35.441987),721,35.441987,139.6404495,traffic_signals,4,,7106473268,1.8,35.441987 139.6404495
POINT (139.6381733 35.4429962),723,35.4429962,139.6381733,traffic_signals,4,,7106478252,1.5,35.4429962 139.6381733
POINT (139.6369853 35.4441293),724,35.4441293,139.6369853,,3,,8418316877,1.0,35.4441293 139.6369853
POINT (139.6361269 35.4446182),725,35.4446182,139.6361269,,3,,8418316878,1.4,35.4446182 139.6361269
POINT (139.634917 35.4481941),726,35.4481941,139.634917,,,,,1.1,35.4481941 139.634917
POINT (139.6354128 35.4478783),727,35.4478783,139.6354128,,,,,1.0,35.4478783 139.6354128
POINT (139.6358436 35.4476033),728,35.4476033,139.6358436,,,,,0.9,35.4476033 139.6358436
POINT (139.6368199 35.4470609),729,35.4470609,139.6368199,,,,,1.2,35.4470609 139.6368199
POINT (139.6378412 35.4464858),730,35.4464858,139.6378412,,,,,1.7,35.4464858 139.6378412
POINT (139.638886 35.4459065),731,35.4459065,139.638886,,,,,0.8,35.4459065 139.638886
POINT (139.6399402 35.4453157),732,35.4453157,139.6399402,,,,,0.8,35.4453157 139.6399402
POINT (139.64066 35.4441998),733,35.4441998,139.64066,,,,,1.5,35.4441998 139.64066
POINT (139.64174042 35.44367495),734,35.44367495,139.6417404,,,,,0.9,35.44367495 139.64174042
POINT (139.63521887 35.44653448),735,35.44653448,139.6352189,,,,,1.2,35.44653448 139.63521887
POINT (139.6360664 35.4460781),736,35.4460781,139.6360664,,,,,0.9,35.4460781 139.6360664
POINT (139.6370017 35.4455599),737,35.4455599,139.6370017,,,,,1.3,35.4455599 139.6370017
POINT (139.63806921 35.44497203),738,35.44497203,139.6380692,,,,,0.9,35.44497203 139.63806921
POINT (139.6348605 35.4459879),739,35.4459879,139.6348605,,,,,1.2,35.4459879 139.6348605
POINT (139.6356024 35.4455716),740,35.4455716,139.6356024,,,,,1.0,35.4455716 139.6356024
